{"stats":{"minecraft:crafted":{"minecraft:oak_planks":28,"minecraft:crafting_table":1,"minecraft:stick":24,"minecraft:iron_pickaxe":1,"minecraft:iron_ingot":11,"minecraft:wooden_pickaxe":1,"minecraft:stone_pickaxe":1,"minecraft:furnace":1,"minecraft:torch":48,"minecraft:stone_axe":2,"minecraft:air":0,"minecraft:cooked_mutton":6},"minecraft:used":{"minecraft:cooked_mutton":6,"minecraft:black_wool":1,"minecraft:stone_pickaxe":45,"minecraft:iron_pickaxe":13,"minecraft:wooden_pickaxe":11,"minecraft:stone_axe":47,"minecraft:torch":28,"minecraft:dirt":1,"minecraft:mutton":5,"minecraft:beef":2,"minecraft:crafting_table":4,"minecraft:furnace":3},"minecraft:custom":{"minecraft:time_since_rest":402,"minecraft:interact_with_furnace":13,"minecraft:sprint_one_cm":68512,"minecraft:damage_taken":706,"minecraft:walk_one_cm":44081,"minecraft:mob_kills":18,"minecraft:damage_dealt":2259,"minecraft:interact_with_crafting_table":4,"minecraft:fly_one_cm":105578,"minecraft:crouch_one_cm":2654,"minecraft:play_time":29146,"minecraft:deaths":1,"minecraft:sneak_time":850,"minecraft:jump":557,"minecraft:leave_game":2,"minecraft:walk_on_water_one_cm":1734,"minecraft:time_since_death":0,"minecraft:total_world_time":29146,"minecraft:fall_one_cm":18477},"minecraft:killed_by":{"minecraft:zombie":1},"minecraft:killed":{"minecraft:skeleton":1,"minecraft:sheep":7,"minecraft:zombie":3,"minecraft:pig":4,"minecraft:cow":3},"minecraft:picked_up":{"minecraft:raw_iron":13,"minecraft:crafting_table":4,"minecraft:leather":2,"minecraft:gravel":1,"minecraft:potato":1,"minecraft:porkchop":7,"minecraft:oak_log":13,"minecraft:diorite":5,"minecraft:dirt":5,"minecraft:rotten_flesh":2,"minecraft:raw_gold":2,"minecraft:beef":6,"minecraft:light_gray_wool":1,"minecraft:black_wool":2,"minecraft:mutton":11,"minecraft:coal":28,"minecraft:white_wool":5,"minecraft:cobblestone":31,"minecraft:furnace":2},"minecraft:mined":{"minecraft:furnace":2,"minecraft:iron_ore":13,"minecraft:crafting_table":4,"minecraft:black_wool":1,"minecraft:short_grass":4,"minecraft:grass_block":2,"minecraft:coal_ore":20,"minecraft:oak_log":13,"minecraft:gravel":2,"minecraft:dirt":3,"minecraft:tall_grass":3,"minecraft:deepslate_gold_ore":2,"minecraft:stone":30,"minecraft:diorite":1,"minecraft:oak_leaves":1}},"DataVersion":3955}