{"stats":{"minecraft:crafted":{"minecraft:oak_planks":28,"minecraft:crafting_table":1,"minecraft:stick":4,"minecraft:wooden_pickaxe":1},"minecraft:used":{"minecraft:crafting_table":1,"minecraft:wooden_pickaxe":1},"minecraft:custom":{"minecraft:time_since_rest":3799,"minecraft:crouch_one_cm":49,"minecraft:play_time":3799,"minecraft:sprint_one_cm":5455,"minecraft:damage_taken":115,"minecraft:walk_one_cm":3673,"minecraft:sneak_time":42,"minecraft:jump":73,"minecraft:leave_game":1,"minecraft:time_since_death":3799,"minecraft:total_world_time":3799,"minecraft:interact_with_crafting_table":1,"minecraft:fall_one_cm":1045,"minecraft:fly_one_cm":15991},"minecraft:picked_up":{"minecraft:oak_log":7,"minecraft:dirt":1},"minecraft:mined":{"minecraft:short_grass":1,"minecraft:oak_log":7,"minecraft:dirt":1,"minecraft:tall_grass":2}},"DataVersion":3955}