{"stats":{"minecraft:crafted":{"minecraft:oak_planks":28,"minecraft:crafting_table":1,"minecraft:stick":8,"minecraft:wooden_pickaxe":1,"minecraft:stone_pickaxe":1,"minecraft:furnace":1,"minecraft:stone_axe":2,"minecraft:air":0,"minecraft:cooked_mutton":6},"minecraft:used":{"minecraft:black_wool":1,"minecraft:stone_pickaxe":33,"minecraft:wooden_pickaxe":11,"minecraft:stone_axe":36,"minecraft:dirt":1,"minecraft:mutton":5,"minecraft:beef":2,"minecraft:crafting_table":3,"minecraft:furnace":1},"minecraft:custom":{"minecraft:time_since_rest":15799,"minecraft:interact_with_furnace":4,"minecraft:sprint_one_cm":37057,"minecraft:damage_taken":240,"minecraft:walk_one_cm":22786,"minecraft:mob_kills":15,"minecraft:damage_dealt":1560,"minecraft:interact_with_crafting_table":3,"minecraft:fly_one_cm":61111,"minecraft:crouch_one_cm":276,"minecraft:play_time":15799,"minecraft:sneak_time":76,"minecraft:jump":302,"minecraft:leave_game":1,"minecraft:time_since_death":15799,"minecraft:total_world_time":15799,"minecraft:fall_one_cm":10097},"minecraft:killed":{"minecraft:sheep":7,"minecraft:zombie":2,"minecraft:pig":3,"minecraft:cow":3},"minecraft:picked_up":{"minecraft:crafting_table":3,"minecraft:leather":2,"minecraft:potato":1,"minecraft:porkchop":7,"minecraft:oak_log":13,"minecraft:dirt":2,"minecraft:beef":6,"minecraft:light_gray_wool":1,"minecraft:black_wool":2,"minecraft:mutton":11,"minecraft:coal":21,"minecraft:white_wool":5,"minecraft:cobblestone":29,"minecraft:furnace":1},"minecraft:mined":{"minecraft:furnace":1,"minecraft:crafting_table":3,"minecraft:black_wool":1,"minecraft:short_grass":4,"minecraft:coal_ore":13,"minecraft:oak_log":13,"minecraft:dirt":2,"minecraft:tall_grass":3,"minecraft:stone":29,"minecraft:oak_leaves":1}},"DataVersion":3955}