{"stats":{"minecraft:crafted":{"minecraft:cooked_beef":4,"minecraft:oak_planks":56,"minecraft:crafting_table":1,"minecraft:stick":8,"minecraft:iron_pickaxe":1,"minecraft:iron_ingot":3,"minecraft:wooden_pickaxe":1,"minecraft:stone_pickaxe":1,"minecraft:wooden_axe":1,"minecraft:furnace":1,"minecraft:white_bed":1,"minecraft:air":0},"minecraft:used":{"minecraft:wooden_axe":18,"minecraft:stone_pickaxe":68,"minecraft:iron_pickaxe":3,"minecraft:wooden_pickaxe":10,"minecraft:dirt":1,"minecraft:cobblestone":4,"minecraft:crafting_table":5,"minecraft:furnace":2,"minecraft:cooked_beef":2},"minecraft:custom":{"minecraft:time_since_rest":17852,"minecraft:interact_with_furnace":6,"minecraft:sprint_one_cm":32450,"minecraft:damage_taken":150,"minecraft:walk_one_cm":69648,"minecraft:mob_kills":7,"minecraft:damage_dealt":864,"minecraft:interact_with_crafting_table":8,"minecraft:fly_one_cm":48539,"minecraft:crouch_one_cm":1708,"minecraft:play_time":17852,"minecraft:sneak_time":567,"minecraft:walk_under_water_one_cm":1457,"minecraft:jump":473,"minecraft:time_since_death":17852,"minecraft:walk_on_water_one_cm":201,"minecraft:total_world_time":17852,"minecraft:fall_one_cm":10692},"minecraft:killed":{"minecraft:sheep":4,"minecraft:spider":1,"minecraft:cow":2},"minecraft:picked_up":{"minecraft:raw_iron":12,"minecraft:crafting_table":4,"minecraft:oak_log":14,"minecraft:spider_eye":1,"minecraft:dirt":1,"minecraft:beef":4,"minecraft:oak_sapling":2,"minecraft:mutton":6,"minecraft:coal":53,"minecraft:white_wool":4,"minecraft:cobblestone":21,"minecraft:furnace":1},"minecraft:mined":{"minecraft:furnace":1,"minecraft:iron_ore":12,"minecraft:crafting_table":4,"minecraft:short_grass":2,"minecraft:oak_log":14,"minecraft:grass_block":1,"minecraft:coal_ore":46,"minecraft:stone":22,"minecraft:oak_leaves":3}},"DataVersion":3955}