{"stats":{"minecraft:crafted":{"minecraft:oak_planks":56,"minecraft:crafting_table":1,"minecraft:stick":4,"minecraft:wooden_axe":1},"minecraft:used":{"minecraft:wooden_axe":3,"minecraft:crafting_table":1},"minecraft:custom":{"minecraft:time_since_rest":5852,"minecraft:play_time":5852,"minecraft:sprint_one_cm":12446,"minecraft:damage_taken":10,"minecraft:walk_one_cm":31096,"minecraft:mob_kills":1,"minecraft:jump":142,"minecraft:damage_dealt":195,"minecraft:time_since_death":5852,"minecraft:total_world_time":5852,"minecraft:fall_one_cm":2754,"minecraft:interact_with_crafting_table":3,"minecraft:fly_one_cm":16515},"minecraft:killed":{"minecraft:sheep":1},"minecraft:picked_up":{"minecraft:crafting_table":1,"minecraft:oak_log":14,"minecraft:oak_sapling":2,"minecraft:mutton":1,"minecraft:white_wool":1},"minecraft:mined":{"minecraft:short_grass":1,"minecraft:oak_log":14,"minecraft:oak_leaves":3,"minecraft:crafting_table":1}},"DataVersion":3955}