{"stats":{"minecraft:crafted":{"minecraft:cooked_beef":4,"minecraft:oak_planks":56,"minecraft:crafting_table":1,"minecraft:stick":8,"minecraft:iron_pickaxe":1,"minecraft:iron_ingot":9,"minecraft:wooden_pickaxe":1,"minecraft:stone_pickaxe":1,"minecraft:wooden_axe":1,"minecraft:furnace":1,"minecraft:white_bed":1,"minecraft:air":0},"minecraft:used":{"minecraft:wooden_axe":20,"minecraft:stone_pickaxe":76,"minecraft:iron_pickaxe":67,"minecraft:wooden_pickaxe":10,"minecraft:gravel":1,"minecraft:dirt":2,"minecraft:cobblestone":23,"minecraft:crafting_table":5,"minecraft:furnace":2,"minecraft:cooked_beef":4,"minecraft:granite":1},"minecraft:custom":{"minecraft:time_since_rest":29852,"minecraft:interact_with_furnace":9,"minecraft:sprint_one_cm":44105,"minecraft:damage_taken":386,"minecraft:walk_one_cm":90374,"minecraft:mob_kills":8,"minecraft:damage_dealt":1061,"minecraft:interact_with_crafting_table":8,"minecraft:fly_one_cm":58227,"minecraft:open_chest":1,"minecraft:crouch_one_cm":1708,"minecraft:play_time":29852,"minecraft:sneak_time":615,"minecraft:walk_under_water_one_cm":4874,"minecraft:jump":590,"minecraft:time_since_death":29852,"minecraft:walk_on_water_one_cm":609,"minecraft:total_world_time":29852,"minecraft:fall_one_cm":14553},"minecraft:killed":{"minecraft:sheep":4,"minecraft:zombie":1,"minecraft:spider":1,"minecraft:cow":2},"minecraft:picked_up":{"minecraft:raw_iron":13,"minecraft:crafting_table":5,"minecraft:andesite":4,"minecraft:gravel":1,"minecraft:oak_log":14,"minecraft:spider_eye":1,"minecraft:dirt":6,"minecraft:iron_ingot":4,"minecraft:beef":4,"minecraft:granite":12,"minecraft:oak_sapling":2,"minecraft:chest":1,"minecraft:mutton":6,"minecraft:coal":79,"minecraft:white_wool":4,"minecraft:cobblestone":65,"minecraft:furnace":2},"minecraft:mined":{"minecraft:furnace":2,"minecraft:iron_ore":13,"minecraft:andesite":4,"minecraft:crafting_table":5,"minecraft:granite":12,"minecraft:short_grass":3,"minecraft:oak_log":14,"minecraft:grass_block":3,"minecraft:coal_ore":46,"minecraft:chest":1,"minecraft:gravel":1,"minecraft:dirt":3,"minecraft:cobblestone":1,"minecraft:stone":66,"minecraft:oak_leaves":3,"minecraft:spawner":1}},"DataVersion":3955}